Id;Label;modularity_class
hashtag-followforfollowback;#followforfollowback;206
hashtag-likelike;#likelike;206
hashtag-meme;#meme;404
hashtag-freefireindonesia;#freefireindonesia;73
hashtag-freefirebooyah;#freefirebooyah;73
hashtag-freefirekocak;#freefirekocak;73
hashtag-freefiregokil;#freefiregokil;73
hashtag-freefirenews;#freefirenews;73
hashtag-freefire_update;#freefire_update;73
hashtag-freefire;#freefire;73
hashtag-garenafreefire;#garenafreefire;73
hashtag-freefiregame;#freefiregame;73
hashtag-freefirememe;#freefirememe;73
hashtag-mood;#mood;412
hashtag-dailyquotes;#dailyquotes;84
hashtag-follow4followback;#follow4followback;87
hashtag-followmeplease;#followmeplease;84
hashtag-followforlike;#followforlike;88
hashtag-ineedfollowers;#ineedfollowers;86
hashtag-likesforlikesback;#likesforlikesback;86
hashtag-likesforlike;#likesforlike;89
hashtag-followback;#followback;88
hashtag-likers;#likers;89
hashtag-liker;#liker;85
hashtag-harrypotterfan;#harrypotterfan;204
hashtag-harrypottermovies;#harrypottermovies;204
hashtag-danielradcliffefans;#danielradcliffefans;204
hashtag-likesforlikes;#likesforlikes;87
hashtag-like4likes;#like4likes;206
hashtag-mumbai;#mumbai;87
hashtag-insta;#insta;87
hashtag-paris;#paris;87
hashtag-worldwide;#worldwide;87
hashtag-freestyle;#freestyle;73
hashtag-freefirelucu;#freefirelucu;73
hashtag-free;#free;408
hashtag-freefirebgid;#freefirebgid;73
hashtag-dankmemes;#dankmemes;411
hashtag-freestylerap;#freestylerap;73
hashtag-freefirebrasil;#freefirebrasil;73
hashtag-freefirehack;#freefirehack;73
hashtag-freefiregarena;#freefiregarena;73
hashtag-freefire4all;#freefire4all;73
hashtag-freefirevideo;#freefirevideo;73
hashtag-freefirebucin;#freefirebucin;73
hashtag-freefiremania;#freefiremania;73
hashtag-garenaoficial;#garenaoficial;73
hashtag-trump;#trump;409
hashtag-election;#election;407
hashtag-porn;#porn;406
hashtag-win;#win;405
hashtag-winner;#winner;408
hashtag-lottery;#lottery;405
hashtag-news;#news;406
hashtag-impeachtrump;#impeachtrump;407
hashtag-obama;#obama;410
hashtag-joker;#joker;409
hashtag-followme;#followme;404
hashtag-offensivememes;#offensivememes;411
hashtag-freenudes;#freenudes;412
hashtag-sendnude;#sendnude;412
hashtag-kimkardashian;#kimkardashian;412
hashtag-kanyewest;#kanyewest;412
hashtag-kendalljenner;#kendalljenner;412
hashtag-fuckmypussy;#fuckmypussy;412
hashtag-freefireclips;#freefireclips;73
hashtag-freefiresquad;#freefiresquad;73
hashtag-freefireindo;#freefireindo;73
hashtag-dopememes;#dopememes;411
hashtag-presidents;#presidents;411
hashtag-abudhabi;#abudhabi;87
hashtag-india;#india;87
hashtag-tictok;#tictok;206
hashtag-frenchbulldog;#frenchbulldog;206
hashtag-likeforfollowers;#likeforfollowers;206
hashtag-commerce;#commerce;206
hashtag-empowerment;#empowerment;96
hashtag-beauty;#beauty;323
hashtag-selflove;#selflove;96
hashtag-photo;#photo;323
hashtag-bodypositive;#bodypositive;96
hashtag-photoshoot;#photoshoot;323
hashtag-naked;#naked;96
hashtag-art;#art;323
hashtag-nude;#nude;96
hashtag-body;#body;96
hashtag-woman;#woman;96
hashtag-nips;#nips;96
hashtag-bodies;#bodies;96
hashtag-femalebody;#femalebody;96
hashtag-womenempowerment;#womenempowerment;96
hashtag-empower;#empower;96
hashtag-empoweringwomen;#empoweringwomen;96
hashtag-mybodymychoice;#mybodymychoice;96
hashtag-bodypositivity;#bodypositivity;96
hashtag-womanpower;#womanpower;96
hashtag-womanbeauty;#womanbeauty;96
hashtag-womenpower;#womenpower;96
hashtag-instaart;#instaart;323
hashtag-makeup;#makeup;323
hashtag-natural;#natural;1163
hashtag-modeling;#modeling;323
hashtag-portraitphotography;#portraitphotography;323
hashtag-portrait;#portrait;323
hashtag-beautifulgirls;#beautifulgirls;1163
hashtag-painting;#painting;323
hashtag-makeupartist;#makeupartist;323
hashtag-wakeupandmakeup;#wakeupandmakeup;323
hashtag-fitnessgirl;#fitnessgirl;323
hashtag-photomodel;#photomodel;323
hashtag-photographer;#photographer;323
hashtag-modellife;#modellife;323
hashtag-young;#young;716
hashtag-selfcare;#selfcare;96
hashtag-fashionblogger;#fashionblogger;323
hashtag-babyboy;#babyboy;716
hashtag-instababy;#instababy;716
hashtag-forward;#forward;874
hashtag-goodvibes;#goodvibes;874
hashtag-mindset;#mindset;874
hashtag-frequency;#frequency;874
hashtag-leaders;#leaders;874
hashtag-spiritualawakening;#spiritualawakening;874
hashtag-100daysofhappiness;#100daysofhappiness;874
hashtag-soul;#soul;874
hashtag-survivor;#survivor;874
hashtag-goals;#goals;874
hashtag-inspirationalquotes;#inspirationalquotes;874
hashtag-spirituallyawakened;#spirituallyawakened;874
hashtag-metoo;#metoo;874
hashtag-beautifulwomen;#beautifulwomen;1163
hashtag-lovely;#lovely;716
hashtag-breastcancerawareness;#breastcancerawareness;1163
hashtag-breastcancer;#breastcancer;1163
hashtag-baby;#baby;716
hashtag-family;#family;716
hashtag-babies;#babies;716
hashtag-children;#children;716
hashtag-babyblogger;#babyblogger;716
hashtag-kids;#kids;716
hashtag-little;#little;716
hashtag-small;#small;716
hashtag-son;#son;716
hashtag-childrenphoto;#childrenphoto;716
hashtag-breastfeedingmum;#breastfeedingmum;716
hashtag-prosthetics;#prosthetics;1163
hashtag-mastectomy;#mastectomy;1163
hashtag-realistic;#realistic;1163
hashtag-cancer;#cancer;1163
hashtag-silicone;#silicone;1163
hashtag-healing;#healing;1163
hashtag-nippleprosthetic;#nippleprosthetic;1163
hashtag-gay;#gay;464
hashtag-twinks;#twinks;464
hashtag-lgbt;#lgbt;464
hashtag-breastfeeding;#breastfeeding;1185
hashtag-breastfeedingmom;#breastfeedingmom;1185
hashtag-breastmilk;#breastmilk;1185
hashtag-boyfriends;#boyfriends;464
hashtag-cuteboy;#cuteboy;464
hashtag-cutegays;#cutegays;464
hashtag-gaytwinks;#gaytwinks;464
hashtag-twinkboy;#twinkboy;464
hashtag-prettyboys;#prettyboys;464
hashtag-gaymers;#gaymers;464
hashtag-gaygeek;#gaygeek;464
hashtag-gaygeeks;#gaygeeks;464
hashtag-gayboyfriend;#gayboyfriend;464
hashtag-gayboyfriends;#gayboyfriends;464
hashtag-cuddletime;#cuddletime;464
hashtag-lgbtq;#lgbtq;464
hashtag-lgbtqia;#lgbtqia;464
hashtag-shirtlessguys;#shirtlessguys;464
hashtag-shirtlessmen;#shirtlessmen;464
hashtag-infant;#infant;716
hashtag-adorable;#adorable;716
hashtag-cuddle;#cuddle;716